{"cameraMode":{"drawMode":0,"name":"Shaded","section":"Shading Mode"},"sceneLighting":false,"audioPlay":false,"sceneViewState":{"m_AlwaysRefresh":false,"showFog":true,"showSkybox":false,"showFlares":true,"showImageEffects":true,"showParticleSystems":true,"showVisualEffectGraphs":true,"m_FxEnabled":true},"in2DMode":false,"pivot":{"x":22.36446189880371,"y":1.4755456447601319,"z":-18.957931518554689},"rotation":{"x":0.005989438388496637,"y":0.9895626902580261,"z":-0.13743329048156739,"w":0.04307260364294052},"size":52.47835159301758,"orthographic":false}